Month,Stock,monthly_return
2023-10,ADANIENT,-3.878940203162631
2023-11,ADANIENT,6.370360348171198
2023-12,ADANIENT,20.580268337071995
2024-01,ADANIENT,7.70601947072536
2024-02,ADANIENT,4.182654193752976
2024-03,ADANIENT,-3.6655367231638447
2024-04,ADANIENT,-6.0699240490759845
2024-05,ADANIENT,12.230227661534412
2024-06,ADANIENT,-12.841368904739042
2024-07,ADANIENT,-0.4522897166907497
2024-08,ADANIENT,-6.151216100707129
2024-09,ADANIENT,3.080058511250261
2024-10,ADANIENT,-7.496625969053072
2024-11,ADANIENT,-24.461773181895236
2023-10,ADANIPORTS,-5.611017560740916
2023-11,ADANIPORTS,7.333246651930825
2023-12,ADANIPORTS,23.74365788837883
2024-01,ADANIPORTS,15.250274371331793
2024-02,ADANIPORTS,8.33982852689011
2024-03,ADANIPORTS,1.493835564632025
2024-04,ADANIPORTS,-3.706664728541318
2024-05,ADANIPORTS,7.364804302360334
2024-06,ADANIPORTS,-6.682660437513818
2024-07,ADANIPORTS,6.469989827060027
2024-08,ADANIPORTS,-6.807533880451529
2024-09,ADANIPORTS,-3.098026095684172
2024-10,ADANIPORTS,-6.2385008517887535
2024-11,ADANIPORTS,-18.477481353987383
2023-10,APOLLOHOSP,-5.842018382676138
2023-11,APOLLOHOSP,15.269308148565106
2023-12,APOLLOHOSP,2.0201568550298368
2024-01,APOLLOHOSP,10.485126216293764
2024-02,APOLLOHOSP,-2.9636049904976893
2024-03,APOLLOHOSP,4.459854734282062
2024-04,APOLLOHOSP,-7.900422006272015
2024-05,APOLLOHOSP,-2.0030040865646903
2024-06,APOLLOHOSP,5.7167760459392944
2024-07,APOLLOHOSP,7.732269359172708
2024-08,APOLLOHOSP,3.2968507694142968
2024-09,APOLLOHOSP,4.638047688606906
2024-10,APOLLOHOSP,-1.826416993436649
2024-11,APOLLOHOSP,-1.3772851058383444
2023-10,ASIANPAINT,-5.404423954402643
2023-11,ASIANPAINT,6.316130241433947
2023-12,ASIANPAINT,7.216234953047204
2024-01,ASIANPAINT,-12.904508112246402
2024-02,ASIANPAINT,-3.6680492259374886
2024-03,ASIANPAINT,0.5297077778758718
2024-04,ASIANPAINT,0.17067223963776004
2024-05,ASIANPAINT,-3.165960879209527
2024-06,ASIANPAINT,1.7652496991051778
2024-07,ASIANPAINT,5.350433772798676
2024-08,ASIANPAINT,0.8856695758788221
2024-09,ASIANPAINT,5.653850426061985
2024-10,ASIANPAINT,-10.426106457961458
2024-11,ASIANPAINT,-15.90727418065548
2023-10,AXISBANK,-5.686566447336817
2023-11,AXISBANK,10.542292652809225
2023-12,AXISBANK,-0.21273706603902923
2024-01,AXISBANK,-2.7284321763687753
2024-02,AXISBANK,-0.8439013142725471
2024-03,AXISBANK,-4.735046622697289
2024-04,AXISBANK,10.711233501092032
2024-05,AXISBANK,1.0697047440970722
2024-06,AXISBANK,3.3785439986926957
2024-07,AXISBANK,-7.591726761233075
2024-08,AXISBANK,0.251642071142203
2024-09,AXISBANK,3.6507402422611115
2024-10,AXISBANK,-5.470183018791027
2024-11,AXISBANK,-2.321405668846981
2023-10,BAJAJ-AUTO,5.932482133779872
2023-11,BAJAJ-AUTO,13.962408899117756
2023-12,BAJAJ-AUTO,12.424640881236506
2024-01,BAJAJ-AUTO,14.422259032099205
2024-02,BAJAJ-AUTO,3.3125428599418782
2024-03,BAJAJ-AUTO,13.782252597931599
2024-04,BAJAJ-AUTO,-1.5317153553081955
2024-05,BAJAJ-AUTO,-0.2842826801600285
2024-06,BAJAJ-AUTO,1.780310536717554
2024-07,BAJAJ-AUTO,1.3826528471318984
2024-08,BAJAJ-AUTO,11.932069266738598
2024-09,BAJAJ-AUTO,10.963859753192946
2024-10,BAJAJ-AUTO,-19.09240835866075
2024-11,BAJAJ-AUTO,-3.9925273011710374
2023-10,BAJAJFINSV,0.5445053009192531
2023-11,BAJAJFINSV,6.399211622214458
2023-12,BAJAJFINSV,-0.008897061004187013
2024-01,BAJAJFINSV,-2.9288952517299056
2024-02,BAJAJFINSV,-1.7537370935429217
2024-03,BAJAJFINSV,1.8873187058385903
2024-04,BAJAJFINSV,-1.8833535844471445
2024-05,BAJAJFINSV,-5.376210962889606
2024-06,BAJAJFINSV,0.7837288996065577
2024-07,BAJAJFINSV,4.521579546892801
2024-08,BAJAJFINSV,9.068387570344996
2024-09,BAJAJFINSV,7.217951155904492
2024-10,BAJAJFINSV,-11.365649917731933
2024-11,BAJAJFINSV,-8.767880549381669
2023-10,BAJFINANCE,-5.961017119333309
2023-11,BAJFINANCE,-4.684216865857413
2023-12,BAJFINANCE,0.9422331200451781
2024-01,BAJFINANCE,-5.975435159370062
2024-02,BAJFINANCE,-3.676983079501132
2024-03,BAJFINANCE,10.253444825723397
2024-04,BAJFINANCE,-4.51527041284245
2024-05,BAJFINANCE,-2.6878986444273325
2024-06,BAJFINANCE,2.8920331716204783
2024-07,BAJFINANCE,-6.456178926031542
2024-08,BAJFINANCE,6.327852148294729
2024-09,BAJFINANCE,3.5342504418653076
2024-10,BAJFINANCE,-10.5575749707906
2024-11,BAJFINANCE,-3.4613495869201074
2023-10,BEL,-4.274425287356314
2023-11,BEL,10.196374622356496
2023-12,BEL,24.923702950152595
2024-01,BEL,0.513652338469866
2024-02,BEL,11.832061068702284
2024-03,BEL,-1.994163424124511
2024-04,BEL,10.72951207958314
2024-05,BEL,26.0702875399361
2024-06,BEL,-4.001255295779068
2024-07,BEL,2.7303754266211717
2024-08,BEL,-3.808452514864203
2024-09,BEL,-3.974402155607934
2024-10,BEL,0.3345659447085715
2024-11,BEL,-2.702234540100452
2023-10,BHARTIARTL,-1.1779963255160464
2023-11,BHARTIARTL,11.084350539164705
2023-12,BHARTIARTL,1.7246476791169802
2024-01,BHARTIARTL,15.56191698336707
2024-02,BHARTIARTL,-2.419214732453104
2024-03,BHARTIARTL,8.85089040489057
2024-04,BHARTIARTL,8.621185361646203
2024-05,BHARTIARTL,5.268202906330282
2024-06,BHARTIARTL,3.8063403062324817
2024-07,BHARTIARTL,2.5825309491059114
2024-08,BHARTIARTL,5.549651278644966
2024-09,BHARTIARTL,8.794985203805648
2024-10,BHARTIARTL,-5.0685818567139655
2024-11,BHARTIARTL,-2.916885768195743
2023-10,BPCL,2.3142723224747996
2023-11,BPCL,22.07901372933595
2023-12,BPCL,2.8904109589041154
2024-01,BPCL,11.126841569703139
2024-02,BPCL,18.762537859418643
2024-03,BPCL,-3.353120487726613
2024-04,BPCL,1.108706509072743
2024-05,BPCL,-1.080893706866671
2024-06,BPCL,-8.745646691485529
2024-07,BPCL,14.940075521260876
2024-08,BPCL,2.4491549699226454
2024-09,BPCL,3.2082577765378715
2024-10,BPCL,-15.614392396469789
2024-11,BPCL,-8.67412140575079
2023-10,BRITANNIA,-1.5337730371820357
2023-11,BRITANNIA,10.35521797466626
2023-12,BRITANNIA,7.397274053211282
2024-01,BRITANNIA,-2.2820406782209957
2024-02,BRITANNIA,-3.562133395486162
2024-03,BRITANNIA,-0.33382714045091666
2024-04,BRITANNIA,-2.4360598136950484
2024-05,BRITANNIA,8.827329740632202
2024-06,BRITANNIA,5.955145322961415
2024-07,BRITANNIA,5.623116954259104
2024-08,BRITANNIA,2.1831889217559812
2024-09,BRITANNIA,7.024475908242783
2024-10,BRITANNIA,-11.156444644394638
2024-11,BRITANNIA,-14.837389448538127
2023-10,CIPLA,1.4541765302671665
2023-11,CIPLA,0.919875130072837
2023-12,CIPLA,3.3673384755743476
2024-01,CIPLA,7.993605115907274
2024-02,CIPLA,6.680358880121054
2024-03,CIPLA,1.771024542796924
2024-04,CIPLA,-6.582590998565381
2024-05,CIPLA,1.9119045104045698
2024-06,CIPLA,1.958894205942097
2024-07,CIPLA,4.408085998242178
2024-08,CIPLA,7.030138403828744
2024-09,CIPLA,0.45243372908631574
2024-10,CIPLA,-6.793404811244251
2024-11,CIPLA,-4.684043474079058
2023-10,COALINDIA,7.65673175745119
2023-11,COALINDIA,11.576716125876407
2023-12,COALINDIA,8.466753209288916
2024-01,COALINDIA,6.3776846516500685
2024-02,COALINDIA,7.376444553725105
2024-03,COALINDIA,-2.7444830290131064
2024-04,COALINDIA,2.771179730799683
2024-05,COALINDIA,8.217669090107957
2024-06,COALINDIA,-7.6510198106763045
2024-07,COALINDIA,9.983150800336992
2024-08,COALINDIA,-2.858993338267937
2024-09,COALINDIA,-2.0543342613036466
2024-10,COALINDIA,-11.101278269419861
2024-11,COALINDIA,-8.829681823186165
2023-10,DRREDDY,-1.7238222531446186
2023-11,DRREDDY,8.261556733907561
2023-12,DRREDDY,0.8435662851775678
2024-01,DRREDDY,5.1445895922977245
2024-02,DRREDDY,7.193212250652811
2024-03,DRREDDY,-0.5755988084378191
2024-04,DRREDDY,-0.7367587415104784
2024-05,DRREDDY,-7.883101391650108
2024-06,DRREDDY,10.704096277211967
2024-07,DRREDDY,6.2451799738734834
2024-08,DRREDDY,2.0818966455912182
2024-09,DRREDDY,-1.7541817335186314
2024-10,DRREDDY,-5.602228445274177
2024-11,DRREDDY,-3.5844712607176774
2023-10,EICHERMOT,-1.6664677448230563
2023-11,EICHERMOT,18.72648335745297
2023-12,EICHERMOT,6.483861019736848
2024-01,EICHERMOT,-4.921564500352868
2024-02,EICHERMOT,-3.5797823655039087
2024-03,EICHERMOT,4.57259564725319
2024-04,EICHERMOT,16.488667604170615
2024-05,EICHERMOT,2.847427429167395
2024-06,EICHERMOT,0.044959696843175315
2024-07,EICHERMOT,7.057414977726475
2024-08,EICHERMOT,-0.16704234422798625
2024-09,EICHERMOT,2.326978084060306
2024-10,EICHERMOT,-1.5685801333293115
2024-11,EICHERMOT,0.6581072351421078
2023-10,GRASIM,-1.808406136354131
2023-11,GRASIM,7.32665287591005
2023-12,GRASIM,5.890232910207312
2024-01,GRASIM,2.648569055349991
2024-02,GRASIM,2.9502959691816306
2024-03,GRASIM,1.4368708146702776
2024-04,GRASIM,5.195088438638193
2024-05,GRASIM,-4.9685108827209845
2024-06,GRASIM,12.734295845997956
2024-07,GRASIM,1.8467576291079777
2024-08,GRASIM,-2.4629562703288794
2024-09,GRASIM,3.8928943065259403
2024-10,GRASIM,-3.7591703407529113
2024-11,GRASIM,-3.71447626810923
2023-10,HCLTECH,3.011221441834177
2023-11,HCLTECH,6.509392747924861
2023-12,HCLTECH,9.68055659459863
2024-01,HCLTECH,6.217354675652906
2024-02,HCLTECH,5.480537593508293
2024-03,HCLTECH,-6.115808040873424
2024-04,HCLTECH,-12.211729941543016
2024-05,HCLTECH,-2.689792018813856
2024-06,HCLTECH,11.042641408954305
2024-07,HCLTECH,11.828981856554448
2024-08,HCLTECH,6.8696473743561635
2024-09,HCLTECH,-0.5839537265104022
2024-10,HCLTECH,-2.777319020093589
2024-11,HCLTECH,8.02321611471492
2023-10,HDFCBANK,-2.0921056994131466
2023-11,HDFCBANK,5.717192268565612
2023-12,HDFCBANK,9.891346277484885
2024-01,HDFCBANK,-13.871385666332959
2024-02,HDFCBANK,-4.29297234630203
2024-03,HDFCBANK,1.198672025161635
2024-04,HDFCBANK,3.3730023801428026
2024-05,HDFCBANK,-0.04568445097079755
2024-06,HDFCBANK,7.098333545350459
2024-07,HDFCBANK,-5.2457189772460735
2024-08,HDFCBANK,-0.11593849157919597
2024-09,HDFCBANK,6.459940379237217
2024-10,HDFCBANK,0.5503417912177037
2024-11,HDFCBANK,0.47775283485868614
2023-10,HDFCLIFE,-2.3991792281587774
2023-11,HDFCLIFE,11.402306265623748
2023-12,HDFCLIFE,-5.19680422194531
2024-01,HDFCLIFE,-11.114536765839373
2024-02,HDFCLIFE,-0.868676545733269
2024-03,HDFCLIFE,7.356555640308496
2024-04,HDFCLIFE,-8.0504135486412
2024-05,HDFCLIFE,-4.597900581244035
2024-06,HDFCLIFE,8.171241592437726
2024-07,HDFCLIFE,19.101123595505616
2024-08,HDFCLIFE,3.517376681614353
2024-09,HDFCLIFE,-3.6629545149604126
2024-10,HDFCLIFE,1.4010137989298692
2024-11,HDFCLIFE,-4.905347519690479
2023-10,HEROMOTOCO,2.412455232789495
2023-11,HEROMOTOCO,23.495933644844715
2023-12,HEROMOTOCO,10.094414893617026
2024-01,HEROMOTOCO,12.21303614136043
2024-02,HEROMOTOCO,-3.4927071750932
2024-03,HEROMOTOCO,4.774688824299434
2024-04,HEROMOTOCO,-2.941836244191632
2024-05,HEROMOTOCO,12.235010413241266
2024-06,HEROMOTOCO,8.119210944463822
2024-07,HEROMOTOCO,-2.046188716960264
2024-08,HEROMOTOCO,1.5553301004309366
2024-09,HEROMOTOCO,2.4057939837223445
2024-10,HEROMOTOCO,-13.226726491713189
2024-11,HEROMOTOCO,-4.509511004879984
2023-10,HINDALCO,-4.260860506302738
2023-11,HINDALCO,11.443700021612274
2023-12,HINDALCO,18.88051044083526
2024-01,HINDALCO,-5.086828309305366
2024-02,HINDALCO,-11.798687089715532
2024-03,HINDALCO,7.92718166056636
2024-04,HINDALCO,13.33098839254308
2024-05,HINDALCO,7.467456543768021
2024-06,HINDALCO,-0.3448523600833524
2024-07,HINDALCO,-2.935420743639922
2024-08,HINDALCO,4.1351150705271005
2024-09,HINDALCO,10.571721011843847
2024-10,HINDALCO,-9.913991202153504
2024-11,HINDALCO,-5.6158633666232385
2023-10,HINDUNILVR,0.6116084086030179
2023-11,HINDUNILVR,2.964910506623528
2023-12,HINDUNILVR,3.9123905369297574
2024-01,HINDUNILVR,-6.524154816837736
2024-02,HINDUNILVR,-2.4781694695989542
2024-03,HINDUNILVR,-6.031871187284721
2024-04,HINDUNILVR,-2.4257404085918135
2024-05,HINDUNILVR,4.615280959439428
2024-06,HINDUNILVR,4.972621927925637
2024-07,HINDUNILVR,8.005668436389772
2024-08,HINDUNILVR,2.299718289112696
2024-09,HINDUNILVR,6.068374536132374
2024-10,HINDUNILVR,-13.527148353997434
2024-11,HINDUNILVR,-3.6354679802955667
2023-10,ICICIBANK,-2.6534084866531886
2023-11,ICICIBANK,2.286526995240971
2023-12,ICICIBANK,5.270941164043517
2024-01,ICICIBANK,2.876726035621384
2024-02,ICICIBANK,2.6386382480612545
2024-03,ICICIBANK,0.5888306191921854
2024-04,ICICIBANK,4.615104806074659
2024-05,ICICIBANK,-1.614814164728605
2024-06,ICICIBANK,3.413793103448268
2024-07,ICICIBANK,0.2516813136939541
2024-08,ICICIBANK,1.5783819519048126
2024-09,ICICIBANK,3.50014228220659
2024-10,ICICIBANK,1.4006591337099739
2024-11,ICICIBANK,-1.0644062548382103
2023-10,INDUSINDBK,0.41103525149783077
2023-11,INDUSINDBK,2.338405695937457
2023-12,INDUSINDBK,9.438417576400541
2024-01,INDUSINDBK,-4.052913031241203
2024-02,INDUSINDBK,-4.298737955422898
2024-03,INDUSINDBK,1.7260013755608625
2024-04,INDUSINDBK,-1.7310684647302934
2024-05,INDUSINDBK,-2.8800159447249625
2024-06,INDUSINDBK,-4.262273648427799
2024-07,INDUSINDBK,-1.9973917221497792
2024-08,INDUSINDBK,0.3803218649857444
2024-09,INDUSINDBK,-0.1000655601946134
2024-10,INDUSINDBK,-25.11881960700859
2024-11,INDUSINDBK,-6.0517647058823485
2023-10,INFY,-4.57461645746164
2023-11,INFY,7.458553336041058
2023-12,INFY,6.238380499896725
2024-01,INFY,7.061591517065794
2024-02,INFY,1.0168673244621549
2024-03,INFY,-9.46697286517194
2024-04,INFY,-5.008525861780741
2024-05,INFY,-0.5337763795114677
2024-06,INFY,11.441069777366804
2024-07,INFY,17.44091023384461
2024-08,INFY,4.917413365000548
2024-09,INFY,-4.525324510053454
2024-10,INFY,-7.724420405912774
2024-11,INFY,8.030212681375478
2023-10,ITC,-2.5810119386014834
2023-11,ITC,1.7986451763606606
2023-12,ITC,2.7345486883059165
2024-01,ITC,-5.661788270483922
2024-02,ITC,-8.263716414540522
2024-03,ITC,4.603174603174609
2024-04,ITC,2.097492383407544
2024-05,ITC,-2.8587699316628727
2024-06,ITC,-1.2664110607645045
2024-07,ITC,15.452744435380495
2024-08,ITC,1.6609276888798843
2024-09,ITC,1.588079600039205
2024-10,ITC,-5.308020147229762
2024-11,ITC,-3.1919233122578086
2023-10,JSWSTEEL,-4.40116845180136
2023-11,JSWSTEEL,10.580440334046514
2023-12,JSWSTEEL,8.565614208189448
2024-01,JSWSTEEL,-6.717183226982685
2024-02,JSWSTEEL,-0.19957590120993174
2024-03,JSWSTEEL,-0.7175316909830184
2024-04,JSWSTEEL,1.1755261196169504
2024-05,JSWSTEEL,-1.1006907395967955
2024-06,JSWSTEEL,1.769911504424784
2024-07,JSWSTEEL,-1.6580146201928148
2024-08,JSWSTEEL,0.7008720774704477
2024-09,JSWSTEEL,9.52735392631186
2024-10,JSWSTEEL,-6.1958532074369685
2024-11,JSWSTEEL,0.9346276980274779
2023-10,KOTAKBANK,0.7150922092585702
2023-11,KOTAKBANK,1.8006263048016675
2023-12,KOTAKBANK,9.003141959440155
2024-01,KOTAKBANK,-4.394625880627509
2024-02,KOTAKBANK,-7.313125771499106
2024-03,KOTAKBANK,3.34548822133472
2024-04,KOTAKBANK,-9.312000893505333
2024-05,KOTAKBANK,6.648050011106527
2024-06,KOTAKBANK,4.915456476819653
2024-07,KOTAKBANK,-0.01106133510313689
2024-08,KOTAKBANK,-0.6610325495774487
2024-09,KOTAKBANK,4.13986799606797
2024-10,KOTAKBANK,-7.8908162179419055
2024-11,KOTAKBANK,0.9774134372850237
2023-10,LT,-4.692101195802483
2023-11,LT,7.387835457465535
2023-12,LT,10.510397567893687
2024-01,LT,-1.2962884170815023
2024-02,LT,2.3410829899941197
2024-03,LT,3.588826200633001
2024-04,LT,-6.349661281917661
2024-05,LT,1.939158216418952
2024-06,LT,-8.947564245666712
2024-07,LT,8.179382115665447
2024-08,LT,-1.9752335088508477
2024-09,LT,-0.20499036138035154
2024-10,LT,-0.8539756397974494
2024-11,LT,-0.6301101658692599
2023-10,M&M,-5.125536620267996
2023-11,M&M,13.27856455382924
2023-12,M&M,6.391879421716401
2024-01,M&M,-3.0382199260259495
2024-02,M&M,17.03358265451352
2024-03,M&M,-2.6153729187257726
2024-04,M&M,12.547300294892866
2024-05,M&M,14.69464338832574
2024-06,M&M,8.832574031890664
2024-07,M&M,1.110975885390416
2024-08,M&M,-0.8131805968038466
2024-09,M&M,11.44760532949226
2024-10,M&M,-13.80350655504659
2024-11,M&M,6.931308004897689
2023-10,MARUTI,0.43877876465414406
2023-11,MARUTI,3.724163554234552
2023-12,MARUTI,-2.677196595407025
2024-01,MARUTI,-0.9374422607528677
2024-02,MARUTI,6.113461176912957
2024-03,MARUTI,8.427882402041137
2024-04,MARUTI,1.972218686354376
2024-05,MARUTI,-3.170940271058589
2024-06,MARUTI,-3.545164173242541
2024-07,MARUTI,8.317607660639293
2024-08,MARUTI,-7.156571762213626
2024-09,MARUTI,6.522683747203763
2024-10,MARUTI,-15.870803584991638
2024-11,MARUTI,-0.41764176417641435
2023-10,NESTLEIND,8.602208360220837
2023-11,NESTLEIND,1.5222408860330061
2023-12,NESTLEIND,9.210472253950517
2024-01,NESTLEIND,-8.447925647732745
2024-02,NESTLEIND,5.203014831023569
2024-03,NESTLEIND,0.8033981049030384
2024-04,NESTLEIND,-3.0244430693069235
2024-05,NESTLEIND,-6.26517533734029
2024-06,NESTLEIND,8.348018088787919
2024-07,NESTLEIND,-4.351466064405591
2024-08,NESTLEIND,0.6743156199677939
2024-09,NESTLEIND,7.173592573409287
2024-10,NESTLEIND,-16.405312055558646
2024-11,NESTLEIND,-1.5335407264601497
2023-10,NTPC,-2.2388059701492447
2023-11,NTPC,12.338779019776448
2023-12,NTPC,15.690648819483172
2024-01,NTPC,2.5020177562550443
2024-02,NTPC,4.223602484472057
2024-03,NTPC,-2.241630276564771
2024-04,NTPC,6.0902585073754825
2024-05,NTPC,-2.7232082373662134
2024-06,NTPC,-3.4328739152628867
2024-07,NTPC,12.50845165652468
2024-08,NTPC,-1.7121265792891724
2024-09,NTPC,8.097560975609754
2024-10,NTPC,-7.259713701431503
2024-11,NTPC,-11.158380940804676
2023-10,ONGC,0.839653304442043
2023-11,ONGC,4.418853776111408
2023-12,ONGC,5.397070161912104
2024-01,ONGC,22.83905527148771
2024-02,ONGC,6.844336765596615
2024-03,ONGC,-0.9240436148586212
2024-04,ONGC,4.798073360503908
2024-05,ONGC,-6.52404526166902
2024-06,ONGC,-3.484688489968333
2024-07,ONGC,22.44000732734933
2024-08,ONGC,-3.218727139722019
2024-09,ONGC,-8.767627222562835
2024-10,ONGC,-8.837129645487245
2024-11,ONGC,-9.622815087396507
2023-10,POWERGRID,1.3029315960912022
2023-11,POWERGRID,3.9810898233391394
2023-12,POWERGRID,12.844909609895339
2024-01,POWERGRID,8.835257082896122
2024-02,POWERGRID,6.4145974416854825
2024-03,POWERGRID,-3.7539103232533932
2024-04,POWERGRID,7.745850437265768
2024-05,POWERGRID,-1.1479591836734766
2024-06,POWERGRID,-1.9843032726195733
2024-07,POWERGRID,5.643203883495135
2024-08,POWERGRID,-6.563278870119092
2024-09,POWERGRID,5.155714498584417
2024-10,POWERGRID,-8.55188141391106
2024-11,POWERGRID,4.626610774724414
2023-10,RELIANCE,-1.3053456189391486
2023-11,RELIANCE,3.4839383651083815
2023-12,RELIANCE,7.962243662030651
2024-01,RELIANCE,10.153420892111216
2024-02,RELIANCE,2.3937195527985042
2024-03,RELIANCE,-0.42087485674842
2024-04,RELIANCE,-1.1974838023141456
2024-05,RELIANCE,-2.4649688043366993
2024-06,RELIANCE,3.6462230108651865
2024-07,RELIANCE,-3.5073550620132696
2024-08,RELIANCE,-0.3741833300336465
2024-09,RELIANCE,-2.616323165704869
2024-10,RELIANCE,-9.064533085750563
2024-11,RELIANCE,-5.4719306764277444
2023-10,SBILIFE,5.833881388061423
2023-11,SBILIFE,7.424871823659298
2023-12,SBILIFE,0.6286657535208666
2024-01,SBILIFE,-2.161161930032806
2024-02,SBILIFE,8.361542488221946
2024-03,SBILIFE,-2.7169860260026644
2024-04,SBILIFE,-3.5840128863384737
2024-05,SBILIFE,-5.0995961393661435
2024-06,SBILIFE,7.218828602227815
2024-07,SBILIFE,16.765988614042694
2024-08,SBILIFE,4.699391710284337
2024-09,SBILIFE,-2.369291859695566
2024-10,SBILIFE,-11.560898484352848
2024-11,SBILIFE,-8.82217515424992
2023-10,SBIN,-6.202836056057731
2023-11,SBIN,-0.2913135593220299
2023-12,SBIN,12.295583734149533
2024-01,SBIN,-0.13253293833320692
2024-02,SBIN,15.509920481741691
2024-03,SBIN,-2.1842293440811225
2024-04,SBIN,8.96083344322828
2024-05,SBIN,0.03614240106018532
2024-06,SBIN,-6.260696737150105
2024-07,SBIN,3.6166043114199096
2024-08,SBIN,-5.454123920477593
2024-09,SBIN,-4.16590646475704
2024-10,SBIN,2.9173724825898737
2024-11,SBIN,-0.6271310277642584
2023-10,SHRIRAMFIN,-2.1904836234033214
2023-11,SHRIRAMFIN,5.517150742541729
2023-12,SHRIRAMFIN,2.4984400349432265
2024-01,SHRIRAMFIN,20.399248358835457
2024-02,SHRIRAMFIN,1.7270148506591063
2024-03,SHRIRAMFIN,-3.699320532963319
2024-04,SHRIRAMFIN,4.932661663411117
2024-05,SHRIRAMFIN,-8.83195848340497
2024-06,SHRIRAMFIN,16.035310762608848
2024-07,SHRIRAMFIN,0.26331538001196264
2024-08,SHRIRAMFIN,7.20080287697583
2024-09,SHRIRAMFIN,10.904581040229434
2024-10,SHRIRAMFIN,-12.085480618418105
2024-11,SHRIRAMFIN,-9.549500944159686
2023-10,SUNPHARMA,-4.630075780805129
2023-11,SUNPHARMA,9.82350833184016
2023-12,SUNPHARMA,2.2903553299492425
2024-01,SUNPHARMA,12.553064868081734
2024-02,SUNPHARMA,12.074292410952093
2024-03,SUNPHARMA,3.931377264710595
2024-04,SUNPHARMA,-7.804204388522332
2024-05,SUNPHARMA,-3.8973008558262046
2024-06,SUNPHARMA,4.666047279859602
2024-07,SUNPHARMA,13.10769028353398
2024-08,SUNPHARMA,6.206273320895525
2024-09,SUNPHARMA,6.098736198683884
2024-10,SUNPHARMA,-3.7006172035730076
2024-11,SUNPHARMA,-3.3953938872148157
2023-10,TATACONSUM,3.279145378541571
2023-11,TATACONSUM,4.163397080913851
2023-12,TATACONSUM,15.268396920334604
2024-01,TATACONSUM,3.508492369989883
2024-02,TATACONSUM,5.346932190933704
2024-03,TATACONSUM,-8.726586077251191
2024-04,TATACONSUM,1.9728752934163034
2024-05,TATACONSUM,-2.831825562514496
2024-06,TATACONSUM,2.6476771273271376
2024-07,TATACONSUM,9.974933170537703
2024-08,TATACONSUM,-0.6786113294988885
2024-09,TATACONSUM,-0.2292239726598316
2024-10,TATACONSUM,-16.192267502612335
2024-11,TATACONSUM,-5.865949606612885
2023-10,TATAMOTORS,1.321621403819797
2023-11,TATAMOTORS,12.537836546120745
2023-12,TATAMOTORS,10.560635055638244
2024-01,TATAMOTORS,11.839109537060462
2024-02,TATAMOTORS,8.161639157655099
2024-03,TATAMOTORS,1.5756087579291977
2024-04,TATAMOTORS,1.5772234819853843
2024-05,TATAMOTORS,-10.196536291107215
2024-06,TATAMOTORS,4.1348834762480875
2024-07,TATAMOTORS,15.428371837732662
2024-08,TATAMOTORS,-2.8879762320866984
2024-09,TATAMOTORS,-10.799432572186895
2024-10,TATAMOTORS,-13.58785743887278
2024-11,TATAMOTORS,-6.2185073211215895
2023-10,TATASTEEL,-7.2265625
2023-11,TATASTEEL,9.691252144082343
2023-12,TATASTEEL,7.38461538461538
2024-01,TATASTEEL,-2.78870218090812
2024-02,TATASTEEL,4.488130563798206
2024-03,TATASTEEL,3.934644881627213
2024-04,TATASTEEL,1.1339258351210506
2024-05,TATASTEEL,-0.08963250672244141
2024-06,TATASTEEL,-0.13773314203730797
2024-07,TATASTEEL,-5.020968575860276
2024-08,TATASTEEL,-6.31669324175151
2024-09,TATASTEEL,10.249869178440619
2024-10,TATASTEEL,-11.057893791534454
2024-11,TATASTEEL,-4.654424040066777
2023-10,TCS,-4.1293737638203085
2023-11,TCS,4.712293396183923
2023-12,TCS,8.023293893184116
2024-01,TCS,0.1272598462386164
2024-02,TCS,6.251702710065768
2024-03,TCS,-5.325631663145548
2024-04,TCS,-2.4535648177698324
2024-05,TCS,-4.9789040457639935
2024-06,TCS,5.436353079384803
2024-07,TCS,10.234528178573237
2024-08,TCS,3.5625753337426853
2024-09,TCS,-5.586091726479473
2024-10,TCS,-7.4500338160871244
2024-11,TCS,6.535816475076567
2023-10,TECHM,-6.828646604176941
2023-11,TECHM,8.519242733979214
2023-12,TECHM,4.268567449100827
2024-01,TECHM,2.813861157152218
2024-02,TECHM,-2.944761904761912
2024-03,TECHM,-1.86350055040101
2024-04,TECHM,1.5226387047527257
2024-05,TECHM,-3.0349672428763155
2024-06,TECHM,14.855261573051754
2024-07,TECHM,5.590652808912451
2024-08,TECHM,5.960050503415452
2024-09,TECHM,-4.2176540248383105
2024-10,TECHM,-1.0305155653992863
2024-11,TECHM,8.967043931032329
2023-10,TITAN,-0.2064919827923319
2023-11,TITAN,9.995588327976296
2023-12,TITAN,5.328843673878774
2024-01,TITAN,0.5547774771222304
2024-02,TITAN,-0.08408110380569621
2024-03,TITAN,0.9532913778910775
2024-04,TITAN,-3.9896747271560047
2024-05,TITAN,-9.151031960655178
2024-06,TITAN,4.384888997914879
2024-07,TITAN,0.8014104824491105
2024-08,TITAN,2.7909524701947666
2024-09,TITAN,6.589455199230662
2024-10,TITAN,-13.477403037646146
2024-11,TITAN,0.45541488295837507
2023-10,TRENT,4.642805109028212
2023-11,TRENT,26.817282096785195
2023-12,TRENT,8.806140257149982
2024-01,TRENT,2.826354884913891
2024-02,TRENT,25.10635554982596
2024-03,TRENT,1.1983338673502082
2024-04,TRENT,13.458371925491392
2024-05,TRENT,-1.8841328254460192
2024-06,TRENT,17.5378576637639
2024-07,TRENT,5.862409688794619
2024-08,TRENT,24.051258057808273
2024-09,TRENT,5.965837553509972
2024-10,TRENT,-6.3623944198510305
2024-11,TRENT,-6.940830885438521
2023-10,ULTRACEMCO,1.4130212284314123
2023-11,ULTRACEMCO,7.4235365002475575
2023-12,ULTRACEMCO,16.262722980788915
2024-01,ULTRACEMCO,-2.8354357798165206
2024-02,ULTRACEMCO,-0.3013414228555843
2024-03,ULTRACEMCO,-3.811849440086827
2024-04,ULTRACEMCO,0.17529936510488556
2024-05,ULTRACEMCO,-0.6806264367528332
2024-06,ULTRACEMCO,11.440728554304902
2024-07,ULTRACEMCO,-0.14658137786494277
2024-08,ULTRACEMCO,-5.695690266594354
2024-09,ULTRACEMCO,3.3006853451671385
2024-10,ULTRACEMCO,-6.517616149157525
2024-11,ULTRACEMCO,2.0590715785318237
2023-10,WIPRO,-5.83302503391293
2023-11,WIPRO,8.42630266439166
2023-12,WIPRO,15.61388445970809
2024-01,WIPRO,0.2095777009326208
2024-02,WIPRO,10.024398005728226
2024-03,WIPRO,-7.513003274898863
2024-04,WIPRO,-4.649963913805549
2024-05,WIPRO,-4.197638828159158
2024-06,WIPRO,15.931096599864894
2024-07,WIPRO,-1.0145064947378444
2024-08,WIPRO,3.230754481833002
2024-09,WIPRO,1.690299558644004
2024-10,WIPRO,0.9236396890717795
2024-11,WIPRO,3.681871769293544
